Workbook
Name Employee: Table1[#All]
Name HR_PIVOT: Table1[#All]
Name Slicer_Dept_Code: #N/A
Name Slicer_Employment_Status: #N/A
Name Slicer_Performance_Band: #N/A

Sheet Sheet2

Sheet HR_DASHBOARD

Sheet HR_ANALYTICS PIVOT TABLE
A2: Headcounts and Salary | F2: Attrition Rate | K2: Performance score by Employment Status
A3: Departments | B3: Average of Salary | C3: Count of Emp ID | F3: NO of Employee | G3: Employment Status | H3: Attrition Rate | K3: Average of Perf_Score | L3: Employment Status
A4: Finance | B4: 87147.118 | C4: 17 | F4: Departments | G4: Left | K4: Departments | L4: Active | M4: Left
A5: Human Resources | B5: 85459.667 | C5: 18 | F5: Finance | G5: 3 | H5: =GETPIVOTDATA("Emp ID",$F$3,"Employment Status","Left","Department Name","Finance")/GETPIVOTDATA("Count of Emp ID",$A$3,"Department Name","Finance") -> 0.17647059 | K5: Finance | L5: 68.357143 | M5: 71.666667
A6: Marketing | B6: 85406.789 | C6: 19 | F6: Human Resources | G6: 2 | H6: =GETPIVOTDATA("Emp ID",$F$3,"Employment Status","Left","Department Name","Human Resources")/GETPIVOTDATA("Count of Emp ID",$A$3,"Department Name","Human Resources") -> 0.11111111 | K6: Human Resources | L6: 69.933333 | M6: 71
A7: Operations | B7: 80008.414 | C7: 29 | F7: Information Technology | G7: 6 | H7: =GETPIVOTDATA("Emp ID",$F$3,"Employment Status","Left","Department Name","Information Technology")/GETPIVOTDATA("Count of Emp ID",$A$3,"Department Name","Information Technology") -> 0.16666667 | K7: Information Technology | L7: 67.25 | M7: 51.833333
A8: Sales | B8: 86209.742 | C8: 31 | F8: Marketing | G8: 3 | H8: =GETPIVOTDATA("Emp ID",$F$3,"Employment Status","Left","Department Name","Marketing")/GETPIVOTDATA("Count of Emp ID",$A$3,"Department Name","Marketing") -> 0.15789474 | K8: Marketing | L8: 74.6875 | M8: 65.333333
A9: Information Technology | B9: 80511.722 | C9: 36 | F9: Operations | G9: 6 | H9: =GETPIVOTDATA("Emp ID",$F$3,"Employment Status","Left","Department Name","Operations")/GETPIVOTDATA("Count of Emp ID",$A$3,"Department Name","Operations") -> 0.20689655 | K9: Operations | L9: 69.444444 | M9: 73.833333
A10: Grand Total | B10: 83557.813 | C10: 150 | D10: =GETPIVOTDATA("Count of Emp ID",$A$3) -> 150 | F10: Sales | G10: 4 | H10: =GETPIVOTDATA("Emp ID",$F$3,"Employment Status","Left","Department Name","Sales")/GETPIVOTDATA("Count of Emp ID",$A$3,"Department Name","Sales") -> 0.12903226 | K10: Sales | L10: 60.96 | M10: 70.5
B11: =GETPIVOTDATA("Average of Salary",$A$3) -> 83557.813 | F11: Grand Total | G11: 24 | H11: =AVERAGE(H5:H10) -> 0.15801199 | I11: =H11 -> 0.15801199 | K11: Grand Total | L11: 67.741379 | M11: 66.208333
B12: =AVERAGE(B4:B9) -> 84123.909 | G12: =34/150 -> 0.22666667 | H12: =SUM(H5:H10) -> 0.94807191
G13: =G12 -> 0.22666667 | H13: =H12 -> 0.94807191
G14: =24/126 -> 0.19047619
A16: Performance Band | B16: Sum of Bonus
A17: Achieving | B17: 2.05 | G17: Departments | H17: Average of Salary | J17: Departments | K17: Count of Emp ID
A18: Exceeding | B18: 1.76 | G18: Finance | H18: 87147.118 | J18: Active | K18: 116 | L18: =GETPIVOTDATA("Emp ID",$J$17,"Employment Status","Active") -> 116
A19: Outstanding | B19: 1.2 | G19: Human Resources | H19: 85459.667
A20: Developing | B20: 0.98 | G20: Sales | H20: 86209.742
A21: Needs Improvement | B21: 0
H22: =AVERAGE(H18:H20) -> 86272.175

Sheet pivot chart

Sheet Sheet1
E1: Employment Status | F1: Left
A3: Row Labels | B3: Average of Salary | C3: Count of Emp ID | E3: Row Labels | F3: Count of Emp ID
A4: Finance | B4: 87147.118 | C4: 17 | E4: Finance | F4: 3
A5: Human Resources | B5: 85459.667 | C5: 18 | E5: Human Resources | F5: 2
A6: Information Technology | B6: 80511.722 | C6: 36 | E6: Information Technology | F6: 6
A7: Marketing | B7: 85406.789 | C7: 19 | E7: Marketing | F7: 3
A8: Operations | B8: 80008.414 | C8: 29 | E8: Operations | F8: 6
A9: Sales | B9: 86209.742 | C9: 31 | E9: Sales | F9: 4
A10: Grand Total | B10: 83557.813 | C10: 150 | E10: Grand Total | F10: 24

Sheet Raw_Employee_Data
A1: Emp ID | B1: First_Name | C1: Last_Name | D1: Dept Code | E1: Hire Date | F1: Salary | G1: Perf_Score | H1: Employment Status | I1: Department Name | J1: Full Name | K1: Years of Service | L1: Performance Band | M1: Bonus
A2: EMP127 | B2: Emily | C2: Brown | D2: IT02 | E2: 43093 | F2: 50361 | G2: 52 | H2: =TRIM(PROPER(Table1[[#This Row],[Employment Status]])) -> Active | I2: =VLOOKUP(Table1[[#This Row],[Dept Code]],Lookup_Departments!$A$2:$B$7,2,FALSE) -> Information Technology | J2: =CONCATENATE(Table1[[#This Row],[Last_Name]]," "," ",Table1[[#This Row],[First_Name]]) -> Brown Emily | K2: =DATEDIF(Table1[[#This Row],[Hire Date]],TODAY(),"Y") -> 8 | L2: {=_xlfn.IFS(Table1[[#This Row],[Perf_Score]]>=95,"Outstanding",Table1[[#This Row],[Perf_Score]]>=85,"Exceeding",Table1[[#This Row],[Perf_Score]]>=70,"Achieving",Table1[[#This Row],[Perf_Score]]>=50,"Developing",Table1[[#This Row],[Perf_Score]]>=0,"Needs Improvement")} -> Developing | M2: {=_xlfn.IFS(Table1[[#This Row],[Perf_Score]]>=95,0.12,Table1[[#This Row],[Perf_Score]]>=85,0.08,Table1[[#This Row],[Perf_Score]]>=70,0.05,Table1[[#This Row],[Perf_Score]]>=50,0.02,Table1[[#This Row],[Perf_Score]]>=0,0)} -> 0.02
A3: EMP046 | B3: Richard | C3: Hernandez | D3: MKT04 | E3: 44659 | F3: 112673 | G3: 68 | H3: =TRIM(PROPER(Table1[[#This Row],[Employment Status]])) -> Active | I3: =VLOOKUP(Table1[[#This Row],[Dept Code]],Lookup_Departments!$A$2:$B$7,2,FALSE) -> Marketing | J3: =CONCATENATE(Table1[[#This Row],[Last_Name]]," "," ",Table1[[#This Row],[First_Name]]) -> Hernandez Richard | K3: =DATEDIF(Table1[[#This Row],[Hire Date]],TODAY(),"Y") -> 4 | L3: {=_xlfn.IFS(Table1[[#This Row],[Perf_Score]]>=95,"Outstanding",Table1[[#This Row],[Perf_Score]]>=85,"Exceeding",Table1[[#This Row],[Perf_Score]]>=70,"Achieving",Table1[[#This Row],[Perf_Score]]>=50,"Developing",Table1[[#This Row],[Perf_Score]]>=0,"Needs Improvement")} -> Developing | M3: {=_xlfn.IFS(Table1[[#This Row],[Perf_Score]]>=95,0.12,Table1[[#This Row],[Perf_Score]]>=85,0.08,Table1[[#This Row],[Perf_Score]]>=70,0.05,Table1[[#This Row],[Perf_Score]]>=50,0.02,Table1[[#This Row],[Perf_Score]]>=0,0)} -> 0.02
A4: EMP134 | B4: Emily | C4: Gonzalez | D4: IT02 | E4: 42431 | F4: 114425 | G4: 54 | H4: =TRIM(PROPER(Table1[[#This Row],[Employment Status]])) -> Left | I4: =VLOOKUP(Table1[[#This Row],[Dept Code]],Lookup_Departments!$A$2:$B$7,2,FALSE) -> Information Technology | J4: =CONCATENATE(Table1[[#This Row],[Last_Name]]," "," ",Table1[[#This Row],[First_Name]]) -> Gonzalez Emily | K4: =DATEDIF(Table1[[#This Row],[Hire Date]],TODAY(),"Y") -> 10 | L4: {=_xlfn.IFS(Table1[[#This Row],[Perf_Score]]>=95,"Outstanding",Table1[[#This Row],[Perf_Score]]>=85,"Exceeding",Table1[[#This Row],[Perf_Score]]>=70,"Achieving",Table1[[#This Row],[Perf_Score]]>=50,"Developing",Table1[[#This Row],[Perf_Score]]>=0,"Needs Improvement")} -> Developing | M4: {=_xlfn.IFS(Table1[[#This Row],[Perf_Score]]>=95,0.12,Table1[[#This Row],[Perf_Score]]>=85,0.08,Table1[[#This Row],[Perf_Score]]>=70,0.05,Table1[[#This Row],[Perf_Score]]>=50,0.02,Table1[[#This Row],[Perf_Score]]>=0,0)} -> 0.02
A5: EMP139 | B5: John | C5: Martinez | D5: FIN03 | E5: 45110 | F5: 103831 | G5: 70 | H5: =TRIM(PROPER(Table1[[#This Row],[Employment Status]])) -> Active | I5: =VLOOKUP(Table1[[#This Row],[Dept Code]],Lookup_Departments!$A$2:$B$7,2,FALSE) -> Finance | J5: =CONCATENATE(Table1[[#This Row],[Last_Name]]," "," ",Table1[[#This Row],[First_Name]]) -> Martinez John | K5: =DATEDIF(Table1[[#This Row],[Hire Date]],TODAY(),"Y") -> 3 | L5: {=_xlfn.IFS(Table1[[#This Row],[Perf_Score]]>=95,"Outstanding",Table1[[#This Row],[Perf_Score]]>=85,"Exceeding",Table1[[#This Row],[Perf_Score]]>=70,"Achieving",Table1[[#This Row],[Perf_Score]]>=50,"Developing",Table1[[#This Row],[Perf_Score]]>=0,"Needs Improvement")} -> Achieving | M5: {=_xlfn.IFS(Table1[[#This Row],[Perf_Score]]>=95,0.12,Table1[[#This Row],[Perf_Score]]>=85,0.08,Table1[[#This Row],[Perf_Score]]>=70,0.05,Table1[[#This Row],[Perf_Score]]>=50,0.02,Table1[[#This Row],[Perf_Score]]>=0,0)} -> 0.05
A6: EMP112 | B6: Thomas | C6: Smith | D6: IT02 | E6: 44977 | F6: 73785 | G6: 40 | H6: =TRIM(PROPER(Table1[[#This Row],[Employment Status]])) -> Left | I6: =VLOOKUP(Table1[[#This Row],[Dept Code]],Lookup_Departments!$A$2:$B$7,2,FALSE) -> Information Technology | J6: =CONCATENATE(Table1[[#This Row],[Last_Name]]," "," ",Table1[[#This Row],[First_Name]]) -> Smith Thomas | K6: =DATEDIF(Table1[[#This Row],[Hire Date]],TODAY(),"Y") -> 3 | L6: {=_xlfn.IFS(Table1[[#This Row],[Perf_Score]]>=95,"Outstanding",Table1[[#This Row],[Perf_Score]]>=85,"Exceeding",Table1[[#This Row],[Perf_Score]]>=70,"Achieving",Table1[[#This Row],[Perf_Score]]>=50,"Developing",Table1[[#This Row],[Perf_Score]]>=0,"Needs Improvement")} -> Needs Improvement | M6: {=_xlfn.IFS(Table1[[#This Row],[Perf_Score]]>=95,0.12,Table1[[#This Row],[Perf_Score]]>=85,0.08,Table1[[#This Row],[Perf_Score]]>=70,0.05,Table1[[#This Row],[Perf_Score]]>=50,0.02,Table1[[#This Row],[Perf_Score]]>=0,0)} -> 0
A7: EMP030 | B7: Emily | C7: Johnson | D7: OPS06 | E7: 43892 | F7: 115882 | G7: 49 | H7: =TRIM(PROPER(Table1[[#This Row],[Employment Status]])) -> Active | I7: =VLOOKUP(Table1[[#This Row],[Dept Code]],Lookup_Departments!$A$2:$B$7,2,FALSE) -> Operations | J7: =CONCATENATE(Table1[[#This Row],[Last_Name]]," "," ",Table1[[#This Row],[First_Name]]) -> Johnson Emily | K7: =DATEDIF(Table1[[#This Row],[Hire Date]],TODAY(),"Y") -> 6 | L7: {=_xlfn.IFS(Table1[[#This Row],[Perf_Score]]>=95,"Outstanding",Table1[[#This Row],[Perf_Score]]>=85,"Exceeding",Table1[[#This Row],[Perf_Score]]>=70,"Achieving",Table1[[#This Row],[Perf_Score]]>=50,"Developing",Table1[[#This Row],[Perf_Score]]>=0,"Needs Improvement")} -> Needs Improvement | M7: {=_xlfn.IFS(Table1[[#This Row],[Perf_Score]]>=95,0.12,Table1[[#This Row],[Perf_Score]]>=85,0.08,Table1[[#This Row],[Perf_Score]]>=70,0.05,Table1[[#This Row],[Perf_Score]]>=50,0.02,Table1[[#This Row],[Perf_Score]]>=0,0)} -> 0
A8: EMP096 | B8: John | C8: Wilson | D8: OPS06 | E8: 45272 | F8: 59980 | G8: 70 | H8: =TRIM(PROPER(Table1[[#This Row],[Employment Status]])) -> Left | I8: =VLOOKUP(Table1[[#This Row],[Dept Code]],Lookup_Departments!$A$2:$B$7,2,FALSE) -> Operations | J8: =CONCATENATE(Table1[[#This Row],[Last_Name]]," "," ",Table1[[#This Row],[First_Name]]) -> Wilson John | K8: =DATEDIF(Table1[[#This Row],[Hire Date]],TODAY(),"Y") -> 2 | L8: {=_xlfn.IFS(Table1[[#This Row],[Perf_Score]]>=95,"Outstanding",Table1[[#This Row],[Perf_Score]]>=85,"Exceeding",Table1[[#This Row],[Perf_Score]]>=70,"Achieving",Table1[[#This Row],[Perf_Score]]>=50,"Developing",Table1[[#This Row],[Perf_Score]]>=0,"Needs Improvement")} -> Achieving | M8: {=_xlfn.IFS(Table1[[#This Row],[Perf_Score]]>=95,0.12,Table1[[#This Row],[Perf_Score]]>=85,0.08,Table1[[#This Row],[Perf_Score]]>=70,0.05,Table1[[#This Row],[Perf_Score]]>=50,0.02,Table1[[#This Row],[Perf_Score]]>=0,0)} -> 0.05
A9: EMP098 | B9: Jessica | C9: Smith | D9: OPS06 | E9: 44174 | F9: 68728 | G9: 45 | H9: =TRIM(PROPER(Table1[[#This Row],[Employment Status]])) -> Active | I9: =VLOOKUP(Table1[[#This Row],[Dept Code]],Lookup_Departments!$A$2:$B$7,2,FALSE) -> Operations | J9: =CONCATENATE(Table1[[#This Row],[Last_Name]]," "," ",Table1[[#This Row],[First_Name]]) -> Smith Jessica | K9: =DATEDIF(Table1[[#This Row],[Hire Date]],TODAY(),"Y") -> 5 | L9: {=_xlfn.IFS(Table1[[#This Row],[Perf_Score]]>=95,"Outstanding",Table1[[#This Row],[Perf_Score]]>=85,"Exceeding",Table1[[#This Row],[Perf_Score]]>=70,"Achieving",Table1[[#This Row],[Perf_Score]]>=50,"Developing",Table1[[#This Row],[Perf_Score]]>=0,"Needs Improvement")} -> Needs Improvement | M9: {=_xlfn.IFS(Table1[[#This Row],[Perf_Score]]>=95,0.12,Table1[[#This Row],[Perf_Score]]>=85,0.08,Table1[[#This Row],[Perf_Score]]>=70,0.05,Table1[[#This Row],[Perf_Score]]>=50,0.02,Table1[[#This Row],[Perf_Score]]>=0,0)} -> 0
A10: EMP095 | B10: Jessica | C10: Rodriguez | D10: FIN03 | E10: 43107 | F10: 102139 | G10: 79 | H10: =TRIM(PROPER(Table1[[#This Row],[Employment Status]])) -> Active | I10: =VLOOKUP(Table1[[#This Row],[Dept Code]],Lookup_Departments!$A$2:$B$7,2,FALSE) -> Finance | J10: =CONCATENATE(Table1[[#This Row],[Last_Name]]," "," ",Table1[[#This Row],[First_Name]]) -> Rodriguez Jessica | K10: =DATEDIF(Table1[[#This Row],[Hire Date]],TODAY(),"Y") -> 8 | L10: {=_xlfn.IFS(Table1[[#This Row],[Perf_Score]]>=95,"Outstanding",Table1[[#This Row],[Perf_Score]]>=85,"Exceeding",Table1[[#This Row],[Perf_Score]]>=70,"Achieving",Table1[[#This Row],[Perf_Score]]>=50,"Developing",Table1[[#This Row],[Perf_Score]]>=0,"Needs Improvement")} -> Achieving | M10: {=_xlfn.IFS(Table1[[#This Row],[Perf_Score]]>=95,0.12,Table1[[#This Row],[Perf_Score]]>=85,0.08,Table1[[#This Row],[Perf_Score]]>=70,0.05,Table1[[#This Row],[Perf_Score]]>=50,0.02,Table1[[#This Row],[Perf_Score]]>=0,0)} -> 0.05
A11: EMP140 | B11: Michael | C11: Martinez | D11: SAL05 | E11: 42676 | F11: 94998 | G11: 58 | H11: =TRIM(PROPER(Table1[[#This Row],[Employment Status]])) -> Active | I11: =VLOOKUP(Table1[[#This Row],[Dept Code]],Lookup_Departments!$A$2:$B$7,2,FALSE) -> Sales | J11: =CONCATENATE(Table1[[#This Row],[Last_Name]]," "," ",Table1[[#This Row],[First_Name]]) -> Martinez Michael | K11: =DATEDIF(Table1[[#This Row],[Hire Date]],TODAY(),"Y") -> 9 | L11: {=_xlfn.IFS(Table1[[#This Row],[Perf_Score]]>=95,"Outstanding",Table1[[#This Row],[Perf_Score]]>=85,"Exceeding",Table1[[#This Row],[Perf_Score]]>=70,"Achieving",Table1[[#This Row],[Perf_Score]]>=50,"Developing",Table1[[#This Row],[Perf_Score]]>=0,"Needs Improvement")} -> Developing | M11: {=_xlfn.IFS(Table1[[#This Row],[Perf_Score]]>=95,0.12,Table1[[#This Row],[Perf_Score]]>=85,0.08,Table1[[#This Row],[Perf_Score]]>=70,0.05,Table1[[#This Row],[Perf_Score]]>=50,0.02,Table1[[#This Row],[Perf_Score]]>=0,0)} -> 0.02
A12: EMP020 | B12: Emily | C12: Miller | D12: SAL05 | E12: 43911 | F12: 118635 | G12: 49 | H12: =TRIM(PROPER(Table1[[#This Row],[Employment Status]])) -> Active | I12: =VLOOKUP(Table1[[#This Row],[Dept Code]],Lookup_Departments!$A$2:$B$7,2,FALSE) -> Sales | J12: =CONCATENATE(Table1[[#This Row],[Last_Name]]," "," ",Table1[[#This Row],[First_Name]]) -> Miller Emily | K12: =DATEDIF(Table1[[#This Row],[Hire Date]],TODAY(),"Y") -> 6 | L12: {=_xlfn.IFS(Table1[[#This Row],[Perf_Score]]>=95,"Outstanding",Table1[[#This Row],[Perf_Score]]>=85,"Exceeding",Table1[[#This Row],[Perf_Score]]>=70,"Achieving",Table1[[#This Row],[Perf_Score]]>=50,"Developing",Table1[[#This Row],[Perf_Score]]>=0,"Needs Improvement")} -> Needs Improvement | M12: {=_xlfn.IFS(Table1[[#This Row],[Perf_Score]]>=95,0.12,Table1[[#This Row],[Perf_Score]]>=85,0.08,Table1[[#This Row],[Perf_Score]]>=70,0.05,Table1[[#This Row],[Perf_Score]]>=50,0.02,Table1[[#This Row],[Perf_Score]]>=0,0)} -> 0
A13: EMP057 | B13: Emily | C13: Hernandez | D13: IT02 | E13: 42425 | F13: 76918 | G13: 62 | H13: =TRIM(PROPER(Table1[[#This Row],[Employment Status]])) -> Active | I13: =VLOOKUP(Table1[[#This Row],[Dept Code]],Lookup_Departments!$A$2:$B$7,2,FALSE) -> Information Technology | J13: =CONCATENATE(Table1[[#This Row],[Last_Name]]," "," ",Table1[[#This Row],[First_Name]]) -> Hernandez Emily | K13: =DATEDIF(Table1[[#This Row],[Hire Date]],TODAY(),"Y") -> 10 | L13: {=_xlfn.IFS(Table1[[#This Row],[Perf_Score]]>=95,"Outstanding",Table1[[#This Row],[Perf_Score]]>=85,"Exceeding",Table1[[#This Row],[Perf_Score]]>=70,"Achieving",Table1[[#This Row],[Perf_Score]]>=50,"Developing",Table1[[#This Row],[Perf_Score]]>=0,"Needs Improvement")} -> Developing | M13: {=_xlfn.IFS(Table1[[#This Row],[Perf_Score]]>=95,0.12,Table1[[#This Row],[Perf_Score]]>=85,0.08,Table1[[#This Row],[Perf_Score]]>=70,0.05,Table1[[#This Row],[Perf_Score]]>=50,0.02,Table1[[#This Row],[Perf_Score]]>=0,0)} -> 0.02
... A151: EMP103 | B151: Amanda | C151: Brown | D151: IT02 | E151: 44848 | F151: 118634 | G151: 91 | H151: =TRIM(PROPER(Table1[[#This Row],[Employment Status]])) -> Active | I151: =VLOOKUP(Table1[[#This Row],[Dept Code]],Lookup_Departments!$A$2:$B$7,2,FALSE) -> Information Technology | J151: =CONCATENATE(Table1[[#This Row],[Last_Name]]," "," ",Table1[[#This Row],[First_Name]]) -> Brown Amanda | K151: =DATEDIF(Table1[[#This Row],[Hire Date]],TODAY(),"Y") -> 3 | L151: {=_xlfn.IFS(Table1[[#This Row],[Perf_Score]]>=95,"Outstanding",Table1[[#This Row],[Perf_Score]]>=85,"Exceeding",Table1[[#This Row],[Perf_Score]]>=70,"Achieving",Table1[[#This Row],[Perf_Score]]>=50,"Developing",Table1[[#This Row],[Perf_Score]]>=0,"Needs Improvement")} -> Exceeding | M151: {=_xlfn.IFS(Table1[[#This Row],[Perf_Score]]>=95,0.12,Table1[[#This Row],[Perf_Score]]>=85,0.08,Table1[[#This Row],[Perf_Score]]>=70,0.05,Table1[[#This Row],[Perf_Score]]>=50,0.02,Table1[[#This Row],[Perf_Score]]>=0,0)} -> 0.08

Sheet Lookup_Departments
A1: Dept_Code | B1: Department_Name
A2: HR01 | B2: Human Resources
A3: IT02 | B3: Information Technology
A4: FIN03 | B4: Finance
A5: MKT04 | B5: Marketing
A6: SAL05 | B6: Sales
A7: OPS06 | B7: Operations

Sheet Lookup_Performance
A1: Min_Score | B1: Max_Score | C1: Performance_Band | D1: Bonus_Percentage
A2: 0 | B2: 49 | C2: Needs Improvement | D2: 0
A3: 50 | B3: 69 | C3: Developing | D3: 0.02
A4: 70 | B4: 84 | C4: Achieving | D4: 0.05
A5: 85 | B5: 94 | C5: Exceeding | D5: 0.08
A6: 95 | B6: 100 | C6: Outstanding | D6: 0.12
